{
    "REST": {
        "Homo sapiens": [
            41.66667,
            21.66667,
            78.33333,
            7.166667,
            41.66667,
            41.66667,
            41.66667,
            41.66667
        ],
        "Paenibacillus sp.": [
            470.0,
            560.0
        ]
    }
}